use javaproject;

INSERT INTO wxy_station (station_id, station_name) VALUES
    (1, "Portland"),
    (2, "Boston"),
    (3, "New York"),
    (4, "Baltimore"),
    (5, "Richmond"),
    (6, "Orlando"),
    (7, "Miami"),
    (8, "Pittsburgh"),
    (9, "Ann Arbor"),
    (10, "Detroit"),
    (11, "Chicago"),
    (12, "Washington DC"),
    (13, "Atlanta"),
    (14, "Nashville"),
    (15, "New Orleans");


INSERT INTO WXY_TRAIN (TRAIN_ID, TRAIN_NAME, A_SEATS_NUM, B_SEATS_NUM, c_seats_num) VALUES
    (1, 'Sunrise Express', 5, 20, 70),
    (2, 'Midnight Express', 5, 20, 70),
    (3, 'Blue Arrow', 5, 20, 70),
    (4, 'Golden Line', 5, 20, 70),
    (5, 'Silver Horizon', 5, 20, 70),
    (6, 'Thunderbird', 5, 20, 70),
    (7, 'Morning Star', 5, 20, 70),
    (8, 'Night Owl', 5, 20, 70),
    (9, 'Crystal Stream', 5, 20, 70),
    (10, 'Emerald Voyage', 5, 20, 70);

INSERT INTO WXY_PATH (PATH_ID, TRAIN_ID) VALUES
(1, 1),
(2, 2),
(3, 3),
(4, 4),
(5, 5),
(6, 6),
(7, 7),
(8, 8),
(9, 9),
(10, 10),

(11, 1),
(12, 2),
(13, 3),
(14, 4),
(15, 5),
(16, 6),
(17, 7),
(18, 8),
(19, 9),
(20, 10);

INSERT INTO wxy_user(user_name, password) VALUES ('alan', '123');

INSERT INTO wxy_ticket(user_id, price,seat_level,depart_station,arrival_station,path_id,date) VALUES
(1, 1200, 'A', 8, 9, 3, '2024-12-23'),
(1, 600, 'C', 8, 9, 13, '2024-12-23');

INSERT INTO wxy_invoice(ticket_id, payment_state, valid_state) VALUES
(1, 'true', 'valid'),
(2, 'false', 'null');


-- Dec.23 -Dec.29 
INSERT INTO wxy_path_station (path_id, station_id, station_type, start_time, a_seats_available, b_seats_available, c_seats_available) VALUES

-- Dec. 23 line1 north to south
(1, 1, "start", '2024-12-23 07:00:00',  5,   20, 70),
(1, 2, "stop", '2024-12-23 09:00:00',  5,   20, 70),
(1, 3, "stop", '2024-12-23 11:00:00',  5,   20, 70),
(1, 4,  "stop", '2024-12-23 13:00:00',  5,   20, 70),
(1, 5, "stop", '2024-12-23 15:00:00',  5,   20, 70),
(1, 6, "stop", '2024-12-23 17:00:00',  5,   20, 70),
(1, 7, "end", '2024-12-23 19:00:00',  5,   20, 70),
-- Dec. 23 line2 south to north
(2, 7, "start", '2024-12-23 07:00:00',  5,   20, 70),
(2, 6, "stop", '2024-12-23 09:00:00',  5,   20, 70),
(2, 5, "stop", '2024-12-23 11:00:00',  5,   20, 70),
(2, 4,  "stop", '2024-12-23 13:00:00',  5,   20, 70),
(2, 3, "stop", '2024-12-23 15:00:00',  5,   20, 70),
(2, 2, "stop", '2024-12-23 17:00:00',  5,   20, 70),
(2, 1, "end", '2024-12-23 19:00:00',  5,   20, 70),
-- Dec. 23 line 3 east to west
(3, 3, "start", '2024-12-23 07:00:00',  5,   20, 70),
(3, 8, "stop", '2024-12-23 10:00:00',  5,   20, 70),
(3, 9, "stop", '2024-12-23 13:00:00', 5,   20, 70),
(3, 10, "end", '2024-12-23 16:00:00',  5,   20, 70),
-- Dec. 23 line 4 west to east
(4, 10, "start", '2024-12-23 07:00:00',  5,   20, 70),
(4, 9, "stop", '2024-12-23 10:00:00',  5,   20, 70),
(4, 8, "stop", '2024-12-23 13:00:00',  5,   20, 70),
(4, 3, "end", '2024-12-23 16:00:00',  5,   20, 70),
-- Dec. 23 line 5 east to west
(5, 4, "start", '2024-12-23 07:00:00',  5,   20, 70),
(5, 12, "stop", '2024-12-23 09:00:00',  5,   20, 70),
(5, 8, "stop", '2024-12-23 11:00:00',  5,   20, 70),
(5, 9, "stop", '2024-12-23 13:00:00',  5,   20, 70),
(5, 11, "end", '2024-12-23 15:00:00',  5,   20, 70),
 -- Dec. 23 line 6 west to east
(6, 11, "start", '2024-12-23 07:00:00',  5,   20, 70),
(6, 9, "stop", '2024-12-23 09:00:00',  5,   20, 70),
(6, 8, "stop", '2024-12-23 11:00:00',  5,   20, 70),
(6, 12, "stop", '2024-12-23 13:00:00',  5,   20, 70),
(6, 4, "end", '2024-12-23 15:00:00',  5,   20, 70),
-- Dec. 23 line 7 east to west
(7, 5, "start", '2024-12-23 07:00:00',  5,   20, 70),
(7, 13, "stop", '2024-12-23 10:00:00',  5,   20, 70),
(7, 14, "end", '2024-12-23 13:00:00',  5,   20, 70),
-- Dec. 23 line 8 west to east
(8, 14, "start", '2024-12-23 07:00:00',  5,   20, 70),
(8, 13, "stop", '2024-12-23 10:00:00',  5,   20, 70),
(8, 5, "end", '2024-12-23 13:00:00',  5,   20, 70),
-- Dec. 23 line 9 north to south
(9, 10, "start", '2024-12-23 07:00:00',  5,   20, 70),
(9, 9, "stop", '2024-12-23 10:00:00',  5,   20, 70),
(9, 11, "stop", '2024-12-23 13:00:00',  5,   20, 70),
(9, 14, "stop", '2024-12-23 15:00:00',  5,   20, 70),
(9, 15, "end", '2024-12-23 18:00:00',  5,   20, 70),
-- Dec. 23 line 10 north to south
(10, 15, "start", '2024-12-23 07:00:00', 5,   20, 70),
(10, 14, "stop", '2024-12-23 10:00:00', 5,   20, 70),
(10, 11, "stop", '2024-12-23 13:00:00', 5,   20, 70),
(10, 9, "stop", '2024-12-23 15:00:00', 5,   20, 70),
(10, 10, "end", '2024-12-23 18:00:00', 5,   20, 70),

-- Dec. 23 line11 north to south
(11, 1, "start", '2024-12-23 11:00:00',  5,   20, 70),
(11, 2, "stop", '2024-12-23 13:00:00',  5,   20, 70),
(11, 3, "stop", '2024-12-23 15:00:00',  5,   20, 70),
(11, 4,  "stop", '2024-12-23 17:00:00',  5,   20, 70),
(11, 5, "stop", '2024-12-23 19:00:00',  5,   20, 70),
(11, 6, "stop", '2024-12-23 21:00:00',  5,   20, 70),
(11, 7, "end", '2024-12-23 23:00:00',  5,   20, 70),
-- Dec. 23 line12 south to north
(12, 7, "start", '2024-12-23 11:00:00',  5,   20, 70),
(12, 6, "stop", '2024-12-23 13:00:00',  5,   20, 70),
(12, 5, "stop", '2024-12-23 15:00:00',  5,   20, 70),
(12, 4,  "stop", '2024-12-23 17:00:00',  5,   20, 70),
(12, 3, "stop", '2024-12-23 19:00:00',  5,   20, 70),
(12, 2, "stop", '2024-12-23 21:00:00',  5,   20, 70),
(12, 1, "end", '2024-12-23 23:00:00',  5,   20, 70),
-- Dec. 23 line 13 east to west
(13, 3, "start", '2024-12-23 14:00:00',  5,   20, 70),
(13, 8, "stop", '2024-12-23 17:00:00',  5,   20, 70),
(13, 9, "stop", '2024-12-23 20:00:00', 5,   20, 70),
(13, 10, "end", '2024-12-23 23:00:00',  5,   20, 70),
-- Dec. 23 line 14 west to east
(14, 10, "start", '2024-12-23 14:00:00',  5,   20, 70),
(14, 9, "stop", '2024-12-23 17:00:00',  5,   20, 70),
(14, 8, "stop", '2024-12-23 20:00:00',  5,   20, 70),
(14, 3, "end", '2024-12-23 23:00:00',  5,   20, 70),
-- Dec. 23 line 15 east to west
(15, 4, "start", '2024-12-23 15:00:00',  5,   20, 70),
(15, 12, "stop", '2024-12-23 17:00:00',  5,   20, 70),
(15, 8, "stop", '2024-12-23 19:00:00',  5,   20, 70),
(15, 9, "stop", '2024-12-23 21:00:00',  5,   20, 70),
(15, 11, "end", '2024-12-23 23:00:00',  5,   20, 70),
 -- Dec. 23 line 16 west to east
(16, 11, "start", '2024-12-23 15:00:00',  5,   20, 70),
(16, 9, "stop", '2024-12-23 17:00:00',  5,   20, 70),
(16, 8, "stop", '2024-12-23 19:00:00',  5,   20, 70),
(16, 12, "stop", '2024-12-23 21:00:00',  5,   20, 70),
(16, 4, "end", '2024-12-23 23:00:00',  5,   20, 70),
-- Dec. 23 line 17 east to west
(17, 5, "start", '2024-12-23 17:00:00',  5,   20, 70),
(17, 13, "stop", '2024-12-23 20:00:00',  5,   20, 70),
(17, 14, "end", '2024-12-23 23:00:00',  5,   20, 70),
-- Dec. 23 line 18 west to east
(18, 14, "start", '2024-12-23 17:00:00',  5,   20, 70),
(18, 13, "stop", '2024-12-23 20:00:00',  5,   20, 70),
(18, 5, "end", '2024-12-23 23:00:00',  5,   20, 70),
-- Dec. 23 line 19 north to south
(19, 10, "start", '2024-12-23 12:00:00',  5,   20, 70),
(19, 9, "stop", '2024-12-23 15:00:00',  5,   20, 70),
(19, 11, "stop", '2024-12-23 18:00:00',  5,   20, 70),
(19, 14, "stop", '2024-12-23 20:00:00',  5,   20, 70),
(19, 15, "end", '2024-12-23 23:00:00',  5,   20, 70),
-- Dec. 23 line 20 north to south
(20, 15, "start", '2024-12-23 12:00:00', 5,   20, 70),
(20, 14, "stop", '2024-12-23 15:00:00', 5,   20, 70),
(20, 11, "stop", '2024-12-23 18:00:00', 5,   20, 70),
(20, 9, "stop", '2024-12-23 20:00:00', 5,   20, 70),
(20, 10, "end", '2024-12-23 23:00:00', 5,   20, 70),


 
-- Dec.24 line1 north to south
(1, 1, "start", '2024-12-24 07:00:00',  5,   20, 70),
(1, 2, "stop", '2024-12-24 09:00:00',  5,   20, 70),
(1, 3, "stop", '2024-12-24 11:00:00',  5,   20, 70),
(1, 4,  "stop", '2024-12-24 13:00:00',  5,   20, 70),
(1, 5, "stop", '2024-12-24 15:00:00',  5,   20, 70),
(1, 6, "stop", '2024-12-24 17:00:00',  5,   20, 70),
(1, 7, "end", '2024-12-24 19:00:00',  5,   20, 70),
-- Dec.24 line2 south to north
(2, 7, "start", '2024-12-24 07:00:00',  5,   20, 70),
(2, 6, "stop", '2024-12-24 09:00:00',  5,   20, 70),
(2, 5, "stop", '2024-12-24 11:00:00',  5,   20, 70),
(2, 4,  "stop", '2024-12-24 13:00:00',  5,   20, 70),
(2, 3, "stop", '2024-12-24 15:00:00',  5,   20, 70),
(2, 2, "stop", '2024-12-24 17:00:00',  5,   20, 70),
(2, 1, "end", '2024-12-24 19:00:00',  5,   20, 70),
-- Dec.24 line 3 east to west
(3, 3, "start", '2024-12-24 07:00:00',  5,   20, 70),
(3, 8, "stop", '2024-12-24 10:00:00',  5,   20, 70),
(3, 9, "stop", '2024-12-24 13:00:00', 5,   20, 70),
(3, 10, "end", '2024-12-24 16:00:00',  5,   20, 70),
-- Dec.24 line 4 west to east
(4, 10, "start", '2024-12-24 07:00:00',  5,   20, 70),
(4, 9, "stop", '2024-12-24 10:00:00',  5,   20, 70),
(4, 8, "stop", '2024-12-24 13:00:00',  5,   20, 70),
(4, 3, "end", '2024-12-24 16:00:00',  5,   20, 70),
-- Dec.24 line 5 east to west
(5, 4, "start", '2024-12-24 07:00:00',  5,   20, 70),
(5, 12, "stop", '2024-12-24 09:00:00',  5,   20, 70),
(5, 8, "stop", '2024-12-24 11:00:00',  5,   20, 70),
(5, 9, "stop", '2024-12-24 13:00:00',  5,   20, 70),
(5, 11, "end", '2024-12-24 15:00:00',  5,   20, 70),
 -- Dec.24 line 6 west to east
(6, 11, "start", '2024-12-24 07:00:00',  5,   20, 70),
(6, 9, "stop", '2024-12-24 09:00:00',  5,   20, 70),
(6, 8, "stop", '2024-12-24 11:00:00',  5,   20, 70),
(6, 12, "stop", '2024-12-24 13:00:00',  5,   20, 70),
(6, 4, "end", '2024-12-24 15:00:00',  5,   20, 70),
-- Dec.24 line 7 east to west
(7, 5, "start", '2024-12-24 07:00:00',  5,   20, 70),
(7, 13, "stop", '2024-12-24 10:00:00',  5,   20, 70),
(7, 14, "end", '2024-12-24 13:00:00',  5,   20, 70),
-- Dec.24 line 8 west to east
(8, 14, "start", '2024-12-24 07:00:00',  5,   20, 70),
(8, 13, "stop", '2024-12-24 10:00:00',  5,   20, 70),
(8, 5, "end", '2024-12-24 13:00:00',  5,   20, 70),
-- Dec.24 line 9 north to south
(9, 10, "start", '2024-12-24 07:00:00',  5,   20, 70),
(9, 9, "stop", '2024-12-24 10:00:00',  5,   20, 70),
(9, 11, "stop", '2024-12-24 13:00:00',  5,   20, 70),
(9, 14, "stop", '2024-12-24 15:00:00',  5,   20, 70),
(9, 15, "end", '2024-12-24 18:00:00',  5,   20, 70),
-- Dec.24 line 10 north to south
(10, 15, "start", '2024-12-24 07:00:00', 5,   20, 70),
(10, 14, "stop", '2024-12-24 10:00:00', 5,   20, 70),
(10, 11, "stop", '2024-12-24 13:00:00', 5,   20, 70),
(10, 9, "stop", '2024-12-24 15:00:00', 5,   20, 70),
(10, 10, "end", '2024-12-24 18:00:00', 5,   20, 70),

-- Dec.24 line11 north to south
(11, 1, "start", '2024-12-24 11:00:00',  5,   20, 70),
(11, 2, "stop", '2024-12-24 13:00:00',  5,   20, 70),
(11, 3, "stop", '2024-12-24 15:00:00',  5,   20, 70),
(11, 4,  "stop", '2024-12-24 17:00:00',  5,   20, 70),
(11, 5, "stop", '2024-12-24 19:00:00',  5,   20, 70),
(11, 6, "stop", '2024-12-24 21:00:00',  5,   20, 70),
(11, 7, "end", '2024-12-24 23:00:00',  5,   20, 70),
-- Dec.24 line12 south to north
(12, 7, "start", '2024-12-24 11:00:00',  5,   20, 70),
(12, 6, "stop", '2024-12-24 13:00:00',  5,   20, 70),
(12, 5, "stop", '2024-12-24 15:00:00',  5,   20, 70),
(12, 4,  "stop", '2024-12-24 17:00:00',  5,   20, 70),
(12, 3, "stop", '2024-12-24 19:00:00',  5,   20, 70),
(12, 2, "stop", '2024-12-24 21:00:00',  5,   20, 70),
(12, 1, "end", '2024-12-24 23:00:00',  5,   20, 70),
-- Dec.24 line 13 east to west
(13, 3, "start", '2024-12-24 14:00:00',  5,   20, 70),
(13, 8, "stop", '2024-12-24 17:00:00',  5,   20, 70),
(13, 9, "stop", '2024-12-24 20:00:00', 5,   20, 70),
(13, 10, "end", '2024-12-24 23:00:00',  5,   20, 70),
-- Dec.24 line 14 west to east
(14, 10, "start", '2024-12-24 14:00:00',  5,   20, 70),
(14, 9, "stop", '2024-12-24 17:00:00',  5,   20, 70),
(14, 8, "stop", '2024-12-24 20:00:00',  5,   20, 70),
(14, 3, "end", '2024-12-24 23:00:00',  5,   20, 70),
-- Dec.24 line 15 east to west
(15, 4, "start", '2024-12-24 15:00:00',  5,   20, 70),
(15, 12, "stop", '2024-12-24 17:00:00',  5,   20, 70),
(15, 8, "stop", '2024-12-24 19:00:00',  5,   20, 70),
(15, 9, "stop", '2024-12-24 21:00:00',  5,   20, 70),
(15, 11, "end", '2024-12-24 23:00:00',  5,   20, 70),
 -- Dec.24 line 16 west to east
(16, 11, "start", '2024-12-24 15:00:00',  5,   20, 70),
(16, 9, "stop", '2024-12-24 17:00:00',  5,   20, 70),
(16, 8, "stop", '2024-12-24 19:00:00',  5,   20, 70),
(16, 12, "stop", '2024-12-24 21:00:00',  5,   20, 70),
(16, 4, "end", '2024-12-24 23:00:00',  5,   20, 70),
-- Dec.24 line 17 east to west
(17, 5, "start", '2024-12-24 17:00:00',  5,   20, 70),
(17, 13, "stop", '2024-12-24 20:00:00',  5,   20, 70),
(17, 14, "end", '2024-12-24 23:00:00',  5,   20, 70),
-- Dec.24 line 18 west to east
(18, 14, "start", '2024-12-24 17:00:00',  5,   20, 70),
(18, 13, "stop", '2024-12-24 20:00:00',  5,   20, 70),
(18, 5, "end", '2024-12-24 23:00:00',  5,   20, 70),
-- Dec.24 line 19 north to south
(19, 10, "start", '2024-12-24 12:00:00',  5,   20, 70),
(19, 9, "stop", '2024-12-24 15:00:00',  5,   20, 70),
(19, 11, "stop", '2024-12-24 18:00:00',  5,   20, 70),
(19, 14, "stop", '2024-12-24 20:00:00',  5,   20, 70),
(19, 15, "end", '2024-12-24 23:00:00',  5,   20, 70),
-- Dec.24 line 20 north to south
(20, 15, "start", '2024-12-24 12:00:00', 5,   20, 70),
(20, 14, "stop", '2024-12-24 15:00:00', 5,   20, 70),
(20, 11, "stop", '2024-12-24 18:00:00', 5,   20, 70),
(20, 9, "stop", '2024-12-24 20:00:00', 5,   20, 70),
(20, 10, "end", '2024-12-24 23:00:00', 5,   20, 70);